titre,titre_original,duree,date_de_sortie,genres,directeur,distributeur,acteurs,nationalite,budget,poster
Yannick,,1h 07min,2 août 2023,['Comédie'],Quentin Dupieux,Diaphana Distribution,"['Raphaël Quenard', 'Blanche Gardin', 'Pio Marmaï']",[' France'],0,/36tALEG47bA8I7eRj3vGZgkDHbo.jpg
Les Promesses,Promises,1h 54min,9 août 2023,['Drame'],Amanda Sthers,Madeleine films,"['Pierfrancesco Favino', 'Kelly Reilly', 'Jean Reno']","[' France', ' Italie']",0,/Mm539VC9Zoj3Yin0whEACfGPk9.jpg
Zone(s) de turbulence,Northern Comfort,1h 37min,9 août 2023,['Comédie'],Hafsteinn Gunnar Sigurðsson,Rezo Films,"['Timothy Spall', 'Emun Elliott', 'Ella Rumpf']","[' Islande', ' Grande-Bretagne', ' Allemagne']",0,/8NpE4aKHyymIKECPMKpIdsNnOc6.jpg
Un coup de maître,,1h 35min,9 août 2023,['Comédie dramatique'],Rémi Bezançon,Zinc Film,"['Vincent Macaigne', 'Bouli Lanners', 'Bastien Ughetto']","[' France', ' Belgique']",0,/ilDhdNVfP8uxnZKasA1mbzGl0Y8.jpg
Ninja Turtles: Teenage Years,Teenage Mutant Ninja Turtles: Mutant Mayhem,1h 39min,9 août 2023,"['Animation', 'Action', 'Aventure']",Jeff Rowe,Paramount Pictures France,"['Aloïs Agaësse-Mahieu', 'Micah Abbey', 'Kylian Trouillard']",[' U.S.A.'],70000000,/ueO9MYIOHO7M1PiMUeX74uf8fB9.jpg
La Voie Royale,,1h 47min,9 août 2023,['Drame'],Frédéric Mermoud,Pyramide Distribution,"['Suzanne Jouannet', 'Marie Colomb', 'Maud Wyler']","[' France', ' Suisse']",3140000,/ttaPJ4IhQ8lrpW9YQuldVz8qBia.jpg
Gran Turismo,Gran Turismo: Based On a True Story,2h 14min,9 août 2023,"['Action', 'Drame']",Neill Blomkamp,Sony Pictures Releasing France,"['David Harbour', 'Orlando Bloom', 'Archie Madekwe']",[' U.S.A.'],0,/bGiNbWaWQxuyIeuajujvsQRJw9y.jpg
Veuillez nous excuser pour la gêne occasionnée,,1h 29min,9 août 2023,['Comédie'],Olivier Van Hoofstadt,UGC Distribution / TF1 Studio,"[' Artus', 'Elsa Zylberstein', 'Benjamin Tranié']",[' France'],0,/wjVFeAwgzEOsqKtLCiLLws8ev2l.jpg
Furie au Missouri,I giorni della violenza,1h 45min,31 mars 1971,['Western'],Alfonso Brescia,Les Films du Camelia,"['Peter Lee Lawrence', 'Luigi Vannucchi', 'Andrea Bosic']",[' Italie'],,
Sartana Dans la Vallée des Vautours,Sartana nella valle degli avvoltoi,1h 35min,11 janvier 1973,['Western'],Roberto Mauri,Les Films du Camelia,"['William Berger', 'Wayde Preston', 'Aldo Berti']",[' Italie'],,
KANGDANIEL: My Parade,,1h 42min,31 août 2023,"['Concert', 'Documentaire']",Jaeseok Park,CGR EVENTS,['Daniel Kang'],[' Corée'],0,/q6U1SgNHT9K2Ax0DlWRDlbjpksQ.jpg
Le Dieu noir et le Diable blond,Deus E O Diabo Na Terra Do Sol,2h 00min,30 août 2023,"['Drame', 'Aventure', 'Judiciaire', 'Western']",Glauber Rocha,Capricci Films,"['Geraldo Del Rey', 'Othon Bastos', 'Mauricio do Valle']",[' Brésil'],,
La Louve,La Lupa,1h 00min,30 août 2023,['Drame'],Manon Décor,Cinéma Saint-André des Arts,"['Jessica Mazzoli', 'Pierre-Yves Massip', 'Carolina Vinci']","[' France', ' Italie']",,
N°10,Nr. 10,1h 40min,30 août 2023,"['Drame', 'Science fiction', 'Comédie']",Alex Van Warmerdam,Ed Distribution,"['Anniek Pheifer', 'Gene Bervoets', 'Pierre Bokma']","[' Pays-Bas', ' Belgique', ' Allemagne']",0,
Le Rêve de Daisy,Daisy Quokka: World's Scariest Animal,1h 28min,30 août 2023,"['Animation', 'Famille', 'Aventure']",Ricard Cussó,Alba Films,"['Marie Braam', 'Angourie Rice', 'Jean-Michel Vovk']",[' Australie'],0,/jjV1DY1SlGI1eUJAXSdre8bpw7t.jpg
àma Gloria,,1h 24min,30 août 2023,['Drame'],Marie Amachoukeli,Pyramide Distribution,"['Louise Mauroy-Panzani', 'Ilça Moreno Zego', 'Arnaud Rebotini']","[' Belgique', ' France']",0,/sKvV0KfOG8dXaYqitmNXIRkVeO1.jpg
Banel & Adama,,1h 27min,30 août 2023,['Drame'],Ramata-Toulaye Sy,Tandem,"['Khady Mane', 'Mamadou Diallo', 'Binta Racine Sy']","[' France', ' Sénégal', ' Mali']",1750000,/mnp89fFX96R7mcwMF17YANpjUtn.jpg
Alam,,1h 40min,30 août 2023,['Drame'],Firas Khoury,JHR Films,"['Mahmood Bakri', 'Sereen Khass', 'Mohammad Karaki']","[' Palestine', ' France', ' Tunisie', ' Arabie Saoudite', ' Qatar']",0,/qXpHmNLXkLn29sWZmbp9tAVN82Z.jpg
Super-bourrés,,1h 19min,30 août 2023,['Comédie'],Bastien Milheau,Zinc Film,"['Pierre Gommé', 'Nina Poletto', 'Vincent Moscato']",[' France'],0,/hmPZ1nR7wWgk4DbNX7D2rEeR4rs.jpg
Paradis,Paradise,1h 28min,30 août 2023,['Documentaire'],Alexander Abaturov,Jour2fête,[],"[' Suisse', ' France']",0,/yGz88hNPcHUJkUx7MPm0Ue6GZt7.jpg
Equalizer 3,The Equalizer 3,,30 août 2023,['Thriller'],Antoine Fuqua,Sony Pictures Releasing France,"['Denzel Washington', 'Dakota Fanning', 'David Denman']",[' U.S.A.'],0,/p0WBnzgyqxMxbF4UGiqTwBLnwht.jpg
La Beauté du geste,"Keiko, me wo sumasete",1h 39min,30 août 2023,['Drame'],Sho Miyake,Art House,"['Yukino Kishii', 'Tomokazu Miura', 'Masaki Miura']","[' Japon', ' France']",0,/xL75xZlykQzf1WImw60HG8yEjk2.jpg
Cher Papa,Caro papà,1h 50min,19 septembre 1979,['Drame'],Dino Risi,Les Acacias,"['Vittorio Gassman', 'Andrée Lachapelle', 'Aurore Clément']","[' Italie', ' France', ' Canada']",0,/p5PoZ2XqeY4QCVoMjfTA2EJyE1J.jpg
Fantôme d'amour,Fantasma d'amore,1h 35min,29 avril 1981,"['Drame', 'Epouvante-horreur']",Dino Risi,Les Acacias,"['Romy Schneider', 'Marcello Mastroianni', 'Eva Maria Meineke']","[' Italie', ' France', "" Allemagne de l'Ouest""]",0,/3a676OREpx3rv8slT2cfGKevNVI.jpg
"Ma Vie est un Défi, 1000 km pour défier le Parkinson",,1h 24min,23 août 2023,['Documentaire'],Stephan Rytz,Jupiter Films,[],[' Suisse'],0,/nTiESTFyzdAxCkDrxxApUzp0zhg.jpg
Psycho-Pass : Providence,Gekijōban Psycho-Pass: Providence,2h 00min,25 août 2023,"['Animation', 'Science fiction', 'Thriller']",Naoyoshi Shiotani,Sony Pictures Releasing France,"['Kana Hanazawa', 'Noriko Hidaka', 'Shizuka Ito']",[' Japon'],,
Vera,,1h 55min,23 août 2023,['Drame'],Tizza Covi,Les Films de l'Atalante,"['Vera Gemma', 'Daniel De Palma', 'Sebastian Dascalu']",[' Autriche'],0,/u4h7jyPQpiMyFkonZoeUvaJoVAO.jpg
Infiltrée,Cadejo blanco,2h 05min,23 août 2023,"['Drame', 'Thriller']",Justin Lerner,L'Atelier Distribution,"['Karen Martínez', 'Rudy Rodríguez', 'Pamela Martínez (II)']","[' Guatemala', ' U.S.A.', ' Mexique']",0,/21OYAbJSCsFChLb6MnVI6SMfAwD.jpg
Les Fantômes d'Istanbul,Hayaletler,1h 30min,23 août 2023,['Drame'],Azra Deniz Okyay,La Vingt-Cinquième Heure,"['Dilayda Güneş', 'Beril Kayar', 'Nalan Kuruçim']","[' Turquie', ' Qatar', ' France']",0,/y4UepD2cYI7uPm9vVGUurxxRmO0.jpg
Le Dernier Voyage du Demeter,The Last Voyage Of The Demeter,1h 58min,23 août 2023,"['Epouvante-horreur', 'Thriller']",André Øvredal,Universal Pictures International France,"['Corey Hawkins', 'Aisling Franciosi', 'Liam Cunningham']",[' U.S.A.'],0,/j9rSboK02SIkXHNk70DB0uWplkR.jpg
La Guerre des Dieux,Xin shen bang: Yang Jian,2h 07min,23 août 2023,"['Animation', 'Action', 'Fantastique']",Ji Zhao,KMBO,['Kai Wang'],[' Chine'],0,/tW5dFOemV4d7hxTcVI2bu4u0C9z.jpg
Anatomie d’une chute,,2h 30min,23 août 2023,"['Policier', 'Drame', 'Thriller', 'Judiciaire']",Justine Triet,Le Pacte,"['Sandra Hüller', 'Swann Arlaud', 'Milo Machado Graner']",[' France'],6200000,/nu2TK6EpZ4hV2gyEwqmuyDSOq3M.jpg
Retribution,,1h 30min,23 août 2023,['Thriller'],Nimród Antal,StudioCanal,"['Liam Neeson', 'Noma Dumezweni', 'Lilly Aspell']",[' U.S.A.'],0,/oUmmY7QWWn7OhKlcPOnirHJpP1F.jpg
Hypnotic,,1h 34min,23 août 2023,"['Thriller', 'Action']",Robert Rodriguez,SND,"['Ben Affleck', 'Alice Braga', 'JD Pardo']",[' U.S.A.'],70000000,/3IhGkkalwXguTlceGSl8XUJZOVI.jpg
Metallica M72 World Tour Live from TX #2,,2h 45min,21 août 2023,['Concert'],Gene McAuliffe,Pathé Live,[],[' U.S.A.'],0,/s4W5olqvM4wq7dE3XoPO0JRTPCN.jpg
Abdelinho,,1h 40min,16 août 2023,"['Comédie', 'Drame']",Hicham Ayouch,Urban Distribution,"['Ali Suliman', 'Aderrahim Tamimi', 'Inês Monteiro']",[' Maroc'],0,/jp1gXUbEGNCx5iNI0ZLroOjETRS.jpg
Ne pas avaler,Nil by Mouth,1h 59min,5 novembre 1997,['Drame'],Gary Oldman,Mission,"['Ray Winstone', 'Kathy Burke', 'Charlie Creed-Miles']",[' Grande-Bretagne'],9000000,/pKKtHEsp43vJZGzfdYyYhgOxsFa.jpg
Metallica M72 World Tour - Concert #1,Metallica M72 World Tour Live from TX #1,2h 45min,19 août 2023,['Concert'],Gene McAuliffe,Pathé Live,[],"[' U.S.A.', ' Grande-Bretagne']",0,/6KYuh0iRsjo92dBXnM8adSIvAWY.jpg
Kasaba,,1h 22min,16 août 2023,['Drame'],Nuri Bilge Ceylan,Memento Distribution,"['Mehmet Emin Toprak', 'Emin Ceylan', 'Havva Saglam']",[' Turquie'],0,/3l8X5JRmdZckhaHbIml0UY0mbP5.jpg
Adieu ma concubine,Ba wang bie ji,2h 53min,27 octobre 1993,"['Drame', 'Romance']",Chen Kaige,Carlotta Films,"['Leslie Cheung', ' Zhang Fengyi', 'Lu Qi']","[' Hong-Kong', ' Chine']",0,/nlsYtgAgZMKxpq4TOkGsZuRqBx2.jpg
Quand les vagues se retirent,Kapag Wala Nang mga Alon,3h 07min,16 août 2023,"['Drame', 'Thriller']",Lav Diaz,Epicentre Films,"['John Lloyd Cruz', 'Ronnie Lazaro', 'Don Melvin Boongaling']","[' Philippines', ' France', ' Danemark', ' Portugal']",0,/fXoQlfN3iEXsZxycQl3e2R6Y2Wl.jpg
Seconde jeunesse,Astolfo,1h 37min,16 août 2023,"['Comédie', 'Romance']",Gianni Di Gregorio,Le Pacte,"['Gianni Di Gregorio', 'Stefania Sandrelli', 'Alfonso Santagata']","[' Italie', ' France']",0,/cPaMzROkJj3UNbinicGJl12Z9Te.jpg
Les As de la jungle 2 - Opération tour du monde,,1h 29min,16 août 2023,"['Animation', 'Aventure', 'Comédie', 'Famille']",Laurent Bru,SND,"['Philippe Bozo', 'Laurent Morteau', 'Pascal Casanova']",[' France'],0,/azSM3pCQucILIolMFA6qUvym5l3.jpg
Blue Beetle,,2h 07min,16 août 2023,"['Action', 'Fantastique', 'Aventure']",Angel Manuel Soto,Warner Bros. France,"['Xolo Maridueña', 'Bruna Marquezine', 'Susan Sarandon']",[' U.S.A.'],120000000,/lZ2sOCMCcGaPppaXj0Wiv0S7A08.jpg
Fermer les yeux,Cerrar los ojos,2h 49min,16 août 2023,['Drame'],Victor Erice,Haut et Court,"['Manolo Solo', 'José Coronado', 'Ana Torrent']","[' Espagne', ' Argentine']",0,/czUKm6JUutIg55EcRJ7CRAAzFMU.jpg
Reality,,1h 22min,16 août 2023,"['Drame', 'Biopic']",Tina Satter,Metropolitan FilmExport,"['Sydney Sweeney', 'Josh Hamilton', 'Marchant Davis']",[' U.S.A.'],0,/4rS1rcaeIJd2zdTn2G8RMfTNeiV.jpg
La Bête Dans La Jungle,,1h 43min,16 août 2023,['Drame'],Patric Chiha,Les Films du Losange,"['Anaïs Demoustier', 'Tom Mercier', 'Béatrice Dalle']","[' France', ' Belgique', ' Autriche']",0,/hymK5XQVJFJMlAd9x5righOcTxn.jpg
Bholaa Shankar,,2h 30min,11 août 2023,"['Action', 'Drame']",Meher Ramesh,Friday Entertainment,"[' Chiranjeevi', 'Tamannaah Bhatia', 'Vennela Kishore']",[' Inde'],0,/kG63t05rRkIIRB0F2DNCExh3GwK.jpg
Les Amoureux,Älskande par,1h 58min,2 mars 1966,"['Drame', 'Romance']",Mai Zetterling,Carlotta Films,"['Harriet Andersson', 'Gunnel Lindblom', 'Gio Petré']",[' Suède'],,
Jeux de nuit,Nattlek,1h 45min,14 septembre 1966,['Drame'],Mai Zetterling,Carlotta Films,"['Ingrid Thulin', 'Keve Hjelm', 'Lena Brundin']",[' Suède'],0,/zQdw4M6GU7XD51A708fK0nijXWm.jpg
Amorosa,,1h 57min,9 août 2023,"['Biopic', 'Drame']",Mai Zetterling,Carlotta Films,"['Stina Ekblad', 'Erland Josephson', 'Philip Zanden']",[' Suède'],,
Les Filles,Flickorna,1h 40min,6 juin 1969,['Comédie dramatique'],Mai Zetterling,Carlotta Films,"['Bibi Andersson', 'Harriet Andersson', 'Gunnel Lindblom']",[' Suède'],0,/jtxhyGaYhurH6KsjvP1jV3dDypz.jpg
Gadar 2,,2h 45min,11 août 2023,"['Action', 'Drame']",Anil Sharma,Night ed films,"['Sunny Deol', 'Ameesha Patel', 'Gaurav Chopra']",[' Inde'],13000000,/ipoUI3FzVTczg2r8mYxNlE5SsMh.jpg
Mamamoo : My Con The Movie,,2h 04min,10 août 2023,['Concert'],Jae-kyung Lim,Pathé Live,[],[' Corée'],0,/86l7h28gGR3VItg8SbDK2M5ibGS.jpg
L'Eté en pente douce,,1h 36min,29 avril 1987,['Drame'],Gérard Krawczyk,Mission,"['Jacques Villeret', 'Jean-Pierre Bacri', 'Pauline Lafont']",[' France'],0,/5E8BS1fzHh0kfQshWL8cMBDjP0U.jpg
Jailer,,2h 50min,10 août 2023,"['Action', 'Comédie', 'Policier', 'Thriller']",Nelson Dilipkumar,Friday Entertainment,"[' Rajinikanth', ' Mohanlal', 'Jackie Shroff']",[' Inde'],0,/ljQtLWWBTWaVZ4xZz5RR8Mc4f3o.jpg
24 heures à New-York,Mutt,1h 22min,9 août 2023,['Drame'],Vuk Lungulov-Klotz,Dulac Distribution,"['Lio Mehiel', 'Cole Doman', 'MiMi Ryder']",[' U.S.A.'],0,/m9E0Zl4BAYUdTY5r65y9QXvhQ2A.jpg
Punch-Drunk Love,,1h 35min,22 janvier 2003,"['Comédie', 'Romance']",Paul Thomas Anderson,Ciné Sorbonne,"['Adam Sandler', 'Emily Watson', 'Philip Seymour Hoffman']",[' U.S.A.'],25000000,/vT2CXIsVKoGl0DZ8USwLWzEFznI.jpg
Animalia,,1h 30min,9 août 2023,"['Drame', 'Fantastique']",Sofia Alaoui,Ad Vitam,"['Oumaïma Barid', 'Mehdi Dehbi', 'Fouad Oughaou']","[' France', ' Maroc']",0,/pVMuDVZZjlwIoREehkcop3C57qA.jpg
Les Avantages de voyager en train,Ventajas de viajar en tren,1h 43min,9 août 2023,"['Drame', 'Comédie']",Aritz Moreno,Damned Distribution,"['Luis Tosar', 'Pilar Castro', 'Ernesto Alterio']","[' Espagne', ' France']",,
"Un homme, un cheval et un pistolet","Un uomo, un cavallo, una pistola",1h 35min,1 décembre 1970,['Western'],Luigi Vanzi,Les Films du Camelia,"['Tony Anthony', 'Daniele Vargas', 'Ettore Manni']","[' Italie', "" Allemagne de l'Ouest"", ' U.S.A.']",,
Un Dollar Entre les Dents,Un dollaro tra i denti,1h 36min,2 août 1967,['Western'],Luigi Vanzi,Les Films du Camelia,"['Tony Anthony', 'Frank Wolff', 'Jolanda Modio']","[' Italie', ' U.S.A.']",190000,/kwTnKOwCpntOoWRK8bnFRwDruQo.jpg
Ringo au pistolet d'or,Johnny Oro,1h 27min,19 juillet 1967,['Western'],Sergio Corbucci,Les Films du Camelia,"['Mark Damon', 'Valeria Fabrizi', 'Giulia Rubini']",[' Italie'],,
"Trois salopards, une poignée d'or",La Più grande rapina del west,1h 47min,2 septembre 1970,['Western'],Maurizio Lucidi,Les Films du Camelia,"['George Hilton', 'Walter Barnes', 'Jack Betts']",[' Italie'],,
Priyotoma,,2h 23min,4 août 2023,['Romance'],Himel Ashraf,Desi Entertainment Paris,"['Shakib Khan', 'Idhika Paul']",[' Bengladesh'],0,/bbVlVUS5KAO0XLKhSr5oNbbRXbG.jpg
La Vengeance est un plat qui se mange froid,La Vendetta è un piatto che si serve freddo,1h 35min,1 mai 1973,['Western'],Pasquale Squitieri,Les Films du Camelia,"['Leonard Mann', 'Ivan Rassimov', 'Klaus Kinski']","[' Italie', ' France']",,
Une longue file de croix,Una lunga fila di croci,1h 27min,27 octobre 1971,['Western'],Sergio Garrone,Les Films du Camelia,"['Anthony Steffen', 'William Berger', 'Mario Brega']",[' Italie'],0,/jhDnqvWJoERdiRNyusw0gLFpxqZ.jpg
Bravo Django,Pochi dollari per Django,1h 27min,15 novembre 1967,['Western'],León Klimovsky,Les Films du Camelia,"['Anthony Steffen', 'Gloria Osuna', 'Frank Wolff']","[' Italie', ' Espagne']",,
Bro,,2h 12min,2 août 2023,"['Comédie dramatique', 'Fantastique']", Samuthirakani,Friday Entertainment,"['Pawan Kalyan', 'Sai Dharam Tej', 'Brahmanandam Kanneganti']",[' Inde'],0,/PY9PUiVUBirsNPMm5HwHz0ee2U.jpg
Francesca et l'amour,Francesca y el amor,,2 août 2023,[],Alba Sotorra,Urban Distribution,[],"[' Espagne', ' France']",0,/4WljHZgmc0Gc6PrVquF8tvRrvxO.jpg
Le Grand chemin,,1h 44min,25 mars 1987,['Drame'],Jean-Loup Hubert,Mission,"['Richard Bohringer', ' Anémone', 'Antoine Hubert']",[' France'],0,/ngABs0clkuxOEcp7eNk7wI5Mr4G.jpg
Suro,,1h 56min,2 août 2023,['Drame'],Mikel Gurrea,Tamasa Distribution,"['Vicky Luengo', 'Pol López', 'Ilyass El Ouahdani']",[' Espagne'],0,/x07JZ2i90FGqYXRfbOmNKN8CuFN.jpg
The Wastetown,Shahre Khamoush,1h 38min,2 août 2023,['Thriller'],Ahmad Bahrami,Bodega Films,"['Baran Kosari', 'Ali Bagheri']",[' Iran'],,
Le Péril jeune,,1h 41min,11 janvier 1995,"['Comédie', 'Drame', 'Romance']",Cédric Klapisch,Les Acacias,"['Romain Duris', 'Vincent Elbaz', 'Nicolas Koretzky']",[' France'],0,/al6sp86pK4JyprrfKJA1OJeUMkM.jpg
Détective Conan: le sous-marin noir,Meitantei Conan: Kurogane no Submarine,1h 50min,2 août 2023,"['Animation', 'Action', 'Aventure']",Yuzuru Tachikawa,Eurozoom,"['Ioanna Gkizas', 'Minami Takayama', 'Laëtitia Lienart']",[' Japon'],0,/hKefTFkTFK90xEDchURKPp3S3gN.jpg
Yamabuki,,1h 37min,2 août 2023,['Drame'],Yamasaki Juichiro,Survivance,"['Kang Yoon-soo', 'Kilala Inori', 'Yohta Kawase']","[' Japon', ' France']",0,/vR2dgsrV1diG6lITYpzPUiEy93F.jpg
On dirait la planète Mars,,1h 44min,2 août 2023,['Comédie'],Stéphane Lafleur,UFO Distribution,"['Steve Laplante', 'Larissa Corriveau', 'Fabiola N. Aladin']",[' Canada'],0,/pkbG9xXZwwXAG8Bb8WXJweOlF1M.jpg
Les Tournesols sauvages,Girasoles silvestres,1h 46min,2 août 2023,['Drame'],Jaime Rosales,Condor Distribution,"['Anna Castillo', 'Oriol Pla', 'Quim Ávila']","[' Espagne', ' France']",0,/tHK4c0UZKrqkmXZ2HJeGNhNetRz.jpg
Magic !,My Fairy Troublemaker,1h 15min,2 août 2023,"['Famille', 'Animation', 'Fantastique']",Caroline Origer,KMBO,"['Shérine Seyad', 'Jella Haase', 'Marie Braun']","[' Luxembourg', ' Allemagne']",0,/wXsCtzppdU1SUvTtxznJyi9hiXv.jpg
Tropic,,1h 50min,2 août 2023,['Drame'],Edouard Salier,Rezo Films,"['Pablo Cobo', 'Louis Peres', 'Marta Nieto']",[' France'],0,/6RiI8MVIt09vT0HgAadl2pD9w5L.jpg
Le Colibri,Il colibrì,2h 06min,2 août 2023,['Drame'],Francesca Archibugi,Paname Distribution,"['Pierfrancesco Favino', 'Kasia Smutniak', 'Bérénice Bejo']","[' Italie', ' France']",0,/44pxAoAXhC8DTfcNzwDSDJ1D0ue.jpg
Les Blagues de Toto 2 - classe verte,,1h 25min,2 août 2023,['Comédie'],Pascal Bourdiaux,SND,"['Hugo Trophardy', 'Guillaume De Tonquédec', 'Anne Marivin']","[' France', ' Belgique']",0,/h0LWxDKL08hUxjv8UJkbekUxPfF.jpg
En eaux très troubles,Meg 2: The Trench,1h 56min,2 août 2023,"['Thriller', 'Action']",Ben Wheatley,Warner Bros. France,"['Jason Statham', 'Jing Wu', 'Shuya Sophia Cai']","[' U.S.A.', ' Chine']",129000000,/5aa22WKuoV5d9FqrqJ1PqXDiaE3.jpg
Miraculous - le film,,1h 39min,5 juillet 2023,"['Animation', 'Action', 'Aventure', 'Comédie musicale']",Jeremy Zag,SND,"['Anouck Hautbois', 'Benjamin Bollen', 'Antoine Tomé']",[' France'],86000000,/bBON9XO9Ek0DjRwMBnJNCwC96Cd.jpg
Melancholia,,2h 10min,10 août 2011,"['Science fiction', 'Drame']",Lars von Trier,Les Films du Losange,"['Kirsten Dunst', 'Charlotte Gainsbourg', 'Alexander Skarsgård']","[' France', ' Danemark', ' Suède', ' Allemagne']",7400000,/kd0PqvTsJd6DOY7Jxu0R4vEfpsj.jpg
Maaveeran,,2h 26min,14 juillet 2023,"['Drame', 'Action']",Madonne Ashwin,Friday Entertainment,"[' Sivakarthikeyan', 'Aditi Shankar', ' Mysskin']",[' Inde'],0,/8w59pbhQRvLXuKNdBaKu51iJzoP.jpg
Antichrist,,1h 50min,3 juin 2009,"['Thriller', 'Drame']",Lars von Trier,Les Films du Losange,"['Willem Dafoe', 'Charlotte Gainsbourg', 'Storm Acheche Sahlstrøm']","[' France', ' Italie', ' Pologne', ' Danemark', ' Suède', ' Allemagne']",11000000,/7dZolgPm00vOd7RxWOMf94pA67J.jpg
Assaut,Assault,1h 30min,12 juillet 2023,"['Drame', 'Thriller']",Adilkhan Yerzhanov,Destiny Films,"['Nurbek Mukushev', 'Azamat Nigmanov', 'Aleksandra Revenko']","[' kazakhstan', ' Russie']",0,/9VEvJryQ5Xpz5ZgnNM7GwrZUtPc.jpg
Ollie & compagnie,,0h 35min,12 juillet 2023,"['Animation', 'Famille']",Anton Setola,Les Films du Whippet,[],[' Belgique'],0,/shbplHwFK5QcIOZkF9brwWJrVmJ.jpg
Entre nous,,1h 37min,12 juillet 2023,"['Comédie dramatique', 'Drame', 'Comédie']",Jude Bauman,KapFilms,"['Amandine Noworyta', 'Iris Jodorowsky', 'Jean-François Stévenin']",[' France'],0,/agdVHkEJlJ8C7OlyCOpNLTjnNaX.jpg
Virgin suicides,The Virgin Suicides,1h 37min,27 septembre 2000,['Drame'],Sofia Coppola,Carlotta Films,"['Kirsten Dunst', 'James Woods', 'Kathleen Turner']",[' U.S.A.'],6000000,/tlOGlAZgD1eIYCG5xrBozw86gmm.jpg
Memento,,1h 56min,11 octobre 2000,['Thriller'],Christopher Nolan,Metropolitan FilmExport,"['Guy Pearce', 'Carrie-Anne Moss', 'Joe Pantoliano']",[' U.S.A.'],9000000,/yuNs09hvpHVU1cBTCAk9zxsL2oW.jpg
Nazarín,,1h 35min,30 novembre 1960,['Drame'],Luis Buñuel,Splendor Films,"['Francisco Rabal', 'Marga Lopez', 'Rita Macedo']",[' Mexique'],0,/sldDfvr31WgNk89nIQh8GHvrIDa.jpg
LGM : Let’s get Married,,2h 30min,28 juillet 2023,"['Comédie', 'Romance']",Ramesh Tamilmani,Friday Entertainment,"['Harish Kalyan', ' Ivana', 'Yogi Babu']",[' Inde'],0,/4ppK5AGdLuP3aXpjnBAFLW5ihBS.jpg
Seule contre la mafia,La Moglie più bella,1h 50min,27 juin 1972,['Drame'],Damiano Damiani,Carlotta Films,"['Ornella Muti', 'Alessio Orano', 'Tano Cimarosa']",[' Italie'],,
Miracle à l'Italienne,Per grazia ricevuta,2h 00min,21 mai 1971,['Comédie'],Nino Manfredi,Carlotta Films,[],[' Italie'],0,/g4uf4zrj9MSgxlFdzyDZS1CYiXI.jpg
L'Affaire Mori,Il Prefetto di ferro,1h 50min,26 avril 1978,"['Policier', 'Thriller']",Pasquale Squitieri,Carlotta Films,"['Giuliano Gemma', 'Claudia Cardinale', 'Stefano Satta Flores']",[' Italie'],0,/cMQKsJVaodXwilV7zvbtkwvby6E.jpg
La Légende du saint buveur,La leggenda del santo bevitore,2h 05min,5 avril 1989,['Drame'],Ermanno Olmi,Carlotta Films,"['Rutger Hauer', 'Anthony Quayle', 'Sandrine Dumas']","[' Italie', ' France']",0,/qaLuGuFcGGi9y27d0Kx3BA7MqU0.jpg
"Hier, aujourd'hui et demain","Ieri, Oggi, Domani",1h 58min,15 mai 1964,"['Comédie', 'Romance']",Vittorio De Sica,Carlotta Films,"['Sophia Loren', 'Marcello Mastroianni', 'Aldo Giuffre']","[' Italie', ' France']",0,/dTYi1VK6ROM9tBiyIijFTHjuRnL.jpg
Portier de nuit,Il Portiere di notte,1h 59min,3 avril 1974,['Drame'],Liliana Cavani,Carlotta Films,"['Dirk Bogarde', 'Charlotte Rampling', 'Philippe Leroy']","[' U.S.A.', ' Italie']",0,/zTUYhMdh2Jwk5s9jbrU4mCH3CY4.jpg
"Affreux, sales et méchants","Brutti, Sporchi e Cattivi",1h 55min,15 décembre 1976,['Comédie dramatique'],Ettore Scola,Carlotta Films,"['Nino Manfredi', 'Francesco Anniballi', 'Maria Bosco']",[' Italie'],0,/fnq2BD4VKESBTT0kNf8JTPk1Myo.jpg
La Vache qui chantait le futur,La vaca que cantó una canción sobre el futuro,1h 38min,26 juillet 2023,['Drame'],Francisca Alegría,Nour Films,"['Léonor Varela', 'Mia Maestro', 'Alfredo Castro']","[' Chili', ' France', ' U.S.A.', ' Allemagne']",0,/tgy46hJfSuV0fLTxw1RdsWeZbwA.jpg
Rocky Aur Rani Kii Prem Kahaani,,2h 50min,28 juillet 2023,"['Comédie', 'Romance']",Karan Johar,Friday Entertainment,"['Ranveer Singh', 'Alia Bhatt', ' Dharmendra']",[' Inde'],0,/vTQIqlxUkOuyf2UKhlM2OUaFGKz.jpg
Persepolis,,1h 35min,27 juin 2007,"['Animation', 'Biopic']",Marjane Satrapi,StudioCanal,"['Sean Penn', 'Iggy Pop', 'Gena Rowlands']","[' France', ' U.S.A.']",7300000,/aU8i2QAdTyRR1nYb36Gq51xXP8p.jpg
Juniors,,1h 35min,26 juillet 2023,['Comédie'],Hugo P. Thomas,The Jokers / Les Bookmakers,"['Vanessa Paradis', 'Ewan Bourdelles', 'Noah Zandouche']",[' France'],0,/dtMrGc0iEvB4FiinWRwTAXr05ft.jpg
Un hiver en été,,1h 50min,26 juillet 2023,['Drame'],Laetitia Masson,Jour2fête,"['Benjamin Biolay', 'Élodie Bouchez', 'Judith Chemla']",[' France'],,
Les Damnés ne pleurent pas,,1h 51min,26 juillet 2023,['Drame'],Fyzal Boulifa,New Story,"['Aïcha Tebbae', 'Abdellah El Hajjouji', 'Antoine Reinartz']","[' France', ' Belgique', ' Maroc']",1700000,/x2XdMjrJVOOYEOTeba0Qca4wCoF.jpg
Blanquita,,1h 34min,26 juillet 2023,['Drame'],Fernando Guzzoni,ASC Distribution,"['Laura Lopez Campbell', 'Alejandro Goic', 'Amparo Noguera']","[' Chili', ' Mexique', ' France', ' Pologne', ' Luxembourg']",1500000,/sh8KWBsjv4bbpBYHd3ZtKbAqKTR.jpg
Sabotage,How To Blow Up A Pipeline,1h 44min,26 juillet 2023,"['Thriller', 'Drame']",Daniel Goldhaber,Tandem,"['Ariela Barer', 'Kristine Frøseth', 'Lukas Gage']",[' U.S.A.'],0,/5HJF47ywTuxxouVdAHAZ7iPzB4T.jpg
Sur la branche,,1h 31min,26 juillet 2023,['Comédie'],Marie Garel-Weiss,Pyramide Distribution,"['Daphne Patakia', 'Benoît Poelvoorde', 'Agnès Jaoui']","[' France', ' Belgique']",0,/cVMHL7ThbqOSdfuYH6nZ0YVqCUA.jpg
Les Déguns 2,,1h 28min,26 juillet 2023,['Comédie'],Cyrille Droux,Apollo Films,"['Karim Jebli', 'Nordine Salhi', 'Sofiane Zermani']",[' France'],1800000,/ptWwDZdyIBT39sFhFY5MdvLOVfW.jpg
Rendez-vous à Tokyo,Just Remembering,1h 55min,26 juillet 2023,"['Romance', 'Drame']",Daigo Matsui,Art House,"['Sosuke Ikematsu', 'Sairi Itô', 'Yumi Kawai']",[' Japon'],0,/foTSoGNa4rANOTqzc4qTnRS6M1A.jpg
La Main,Talk To Me,1h 34min,26 juillet 2023,"['Epouvante-horreur', 'Thriller']",Danny Philippou,SND,"['Sophie Wilde', 'Joe Bird', 'Alexandra Jensen']",[' Australie'],4500000,/kdPMUMJzyYAc4roD52qavX0nLIC.jpg
The First Slam Dunk,,2h 04min,26 juillet 2023,"['Animation', 'Comédie', 'Drame']",Takehiko Inoue,Wild Bunch Distribution,"['Shugo Nakamura', 'Ryota Iwasaki', 'Subaru Kimura']",[' Japon'],0,/995t1sb4ummXHBfKlXLSM1IAEjc.jpg
Le Manoir hanté,Haunted Mansion,2h 02min,26 juillet 2023,"['Comédie', 'Fantastique', 'Famille', 'Aventure']",Justin Simien,The Walt Disney Company France,"['Lakeith Stanfield', 'Tiffany Haddish', 'Owen Wilson']",[' U.S.A.'],157800000,/jUjg01KWd11nycbtXhJKghZFD7V.jpg
Kolai,,2h 30min,21 juillet 2023,"['Drame', 'Thriller']",Balaji K. Kumar,Night ed films,"['Vijay Antony', 'Ritika Singh', 'Meenakshi Chaudhary']",[' Inde'],0,/lblx8zvMF0NxX62aOGocyOhvDld.jpg
Navigators,,1h 25min,19 juillet 2023,['Documentaire'],Noah Teichner,Perspective Films,[],[' France'],,
Caiti Blues,,1h 24min,19 juillet 2023,['Documentaire'],Justine Harbonnier,Shellac,[],"[' France', ' Canada']",0,/stM2LEAT1bWh8M8QLH0ig1PTdwj.jpg
De nos jours...,Woo-Ri-UI-Ha-Ru,1h 24min,19 juillet 2023,"['Comédie dramatique', 'Drame', 'Comédie']",Hong Sang-Soo,Capricci Films,"['Ki Joo-bong', 'Kim Min-Hee', 'Song Seon-mi']",[' Corée du Sud'],,
Paula,,1h 38min,19 juillet 2023,['Drame'],Angela Ottobah,Arizona Distribution,"['Finnegan Oldfield', 'Aline Helan-Boudon', ' Océan']",[' France'],0,/aAKjzFs7KVWEyOJFd28sJ91Jn0s.jpg
Les Meutes,,1h 34min,19 juillet 2023,['Thriller'],Kamal Lazraq,Ad Vitam,"['Ayoub Elaid', 'Abdellatif Masstouri', 'Mohamed Hmimsa']","[' France', ' Maroc', ' Belgique', ' Arabie Saoudite', ' Qatar']",2000000,/cawhzgmFJl4bFXvFao7FM2R4uNP.jpg
Les Ombres persanes,Tafrigh,1h 47min,19 juillet 2023,['Drame'],Mani Haghighi,Diaphana Distribution,"['Taraneh Alidoosti', 'Navid Mohammadzadeh', 'Esmail Poor-Reza']","[' Iran', ' France']",0,/wdSnK1jr0kRekRuOtSZ4mHCrI9p.jpg
Sous le tapis,,1h 37min,19 juillet 2023,['Comédie dramatique'],Camille Japy,Paname Distribution,"['Ariane Ascaride', 'Bérénice Bejo', 'Thomas Scimeca']",[' France'],0,/rdNB3YhphjcTXlDup78Xzot3hOi.jpg
La Maison du mal,Cobweb,1h 28min,19 juillet 2023,['Epouvante-horreur'],Samuel Bodin,Metropolitan FilmExport,"['Lizzy Caplan', 'Antony Starr', 'Cleopatra Coleman']",[' U.S.A.'],0,/cGXFosYUHYjjdKrOmA0bbjvzhKz.jpg
Barbie,,1h 55min,19 juillet 2023,"['Aventure', 'Comédie', 'Famille']",Greta Gerwig,Warner Bros. France,"['Margot Robbie', 'Ryan Gosling', 'America Ferrera']","[' U.S.A.', ' Grande-Bretagne']",145000000,/iuFNMS8U5cb6xfzi51Dbkovj7vM.jpg
Oppenheimer,,3h 01min,19 juillet 2023,"['Biopic', 'Historique', 'Thriller']",Christopher Nolan,Universal Pictures International France,"['Cillian Murphy', 'Emily Blunt', 'Matt Damon']",[' U.S.A.'],100000000,/8Gxv8gSFCU0XGDykEGv7zR1n2ua.jpg
Opéra,Opera,1h 48min,8 octobre 1989,"['Epouvante-horreur', 'Thriller']",Dario Argento,Les Films du Camelia,"['Cristina Marsillach', 'Ian Charleson', 'Urbano Barberini']",[' Italie'],8000000,/v5VBvSVu2sWLAmyQhKQwBV5aPJA.jpg
L'Oiseau au plumage de cristal,L'Ucello dalle plume di cristallo,1h 38min,30 juin 1971,"['Drame', 'Thriller']",Dario Argento,Les Films du Camelia,"['Tony Musante', 'Suzy Kendall', 'Enrico Maria Salerno']","[' Italie', "" Allemagne de l'Ouest""]",,
Le Chat à neuf queues,Il Gatto a nove code,1h 52min,9 août 1971,['Policier'],Dario Argento,Les Films du Camelia,"['James Franciscus', 'Karl Malden', 'Catherine Spaak']",[' Italie'],1000000,/vVfylUKX9Lz3Idpu0J3ds7vGXoF.jpg
Ténèbres,Tenebre,1h 42min,27 avril 1983,['Epouvante-horreur'],Dario Argento,Les Films du Camelia,"['Anthony Franciosa', 'Christian Borromeo', ""Mirella D'Angelo""]",[' Italie'],0,/oWL53TrSKmps6HeZpcoQite5hDB.jpg
Phenomena,,1h 57min,12 juin 1985,['Epouvante-horreur'],Dario Argento,Les Films du Camelia,"['Jennifer Connelly', 'Daria Nocolodi', 'Donald Pleasence']",[' Italie'],3800000,/dhk14s8ogQkbf6re3HLKV2UBHjx.jpg
Le Direktør,Direktøren for det hele,1h 40min,28 février 2007,['Comédie'],Lars von Trier,Les Films du Losange,"['Jens Albinus', 'Peter Gantzler', 'Fridrik Thor Fridriksson']",[' Danemark'],3000000,/rwEtK0YLHLzT13uPtXyXCHoWMwR.jpg
Five obstructions,De Fem benspaend,1h 30min,10 mars 2004,"['Comédie dramatique', 'Documentaire']",Lars von Trier,Les Films du Losange,"['Patrick Bauchau', 'Jorgen Leth', 'Claus Nissen']","[' Belgique', ' Danemark']",0,/xMcCmIdos88yd44xqCXj4NUWph3.jpg
Manderlay,,2h 19min,9 novembre 2005,['Drame'],Lars von Trier,Les Films du Losange,"['Bryce Dallas Howard', 'Isaach de Bankolé', 'Danny Glover']","[' Danemark', ' France', ' Grande-Bretagne', ' Italie', ' Suède', ' Allemagne', ' Pays-Bas']",14200000,/gVR6gQ7j0ffPa27xj4OxbH5fzHW.jpg
Epidemic,,1h 46min,30 novembre 1988,"['Drame', 'Epouvante-horreur']",Lars von Trier,Les Films du Losange,"['Allan de Waal', 'Ole Ernst', 'Michael Gelting']",[' Danemark'],0,/jWTrTQtMFuzeShRPIqKSUidXSib.jpg
Les Frissons de l'angoisse,Profondo rosso,2h 08min,17 août 1977,"['Epouvante-horreur', 'Thriller']",Dario Argento,Les Films du Camelia,"['David Hemmings', 'Daria Nicolodi', 'Gabriele Lavia']",[' Italie'],0,/wq7RxV5gMvgO0EKeWpNhegnpJBh.jpg
Element of crime,Forbrydelsens element,1h 45min,30 janvier 1985,"['Policier', 'Drame', 'Thriller']",Lars von Trier,Les Films du Losange,"['Michael Elphick', 'Esmond Knight', 'Me Me Lai']",[' Danemark'],,
Little Nemo,Little Nemo in Slumberland,1h 25min,14 décembre 1994,"['Animation', 'Famille', 'Aventure', 'Fantastique']",William Hurtz,Splendor Films,"['Gabriel Damon', 'Mickey Rooney', 'Rene Auberjonois']","[' Japon', ' U.S.A.']",0,/uVyqRtRaIGrHJvfxImrHHFaQNxM.jpg
Europa,,1h 52min,13 novembre 1991,"['Drame', 'Thriller']",Lars von Trier,Les Films du Losange,"['Jean-Marc Barr', 'Barbara Sukowa', 'Ernst-Hugo Jaregard']","[' Suède', ' Danemark', ' France', ' Allemagne', ' Suisse']",0,/pyFtuYQReoSmhNs55kRJedA5wEJ.jpg
The House That Jack Built,,2h 35min,17 octobre 2018,"['Drame', 'Thriller']",Lars von Trier,Les Films du Losange,"['Matt Dillon', 'Bruno Ganz', 'Uma Thurman']",[' Danemark'],9800000,/bMUGNkPaHOurcBK9g3XpJx3fxuO.jpg
Dogville,,2h 57min,21 mai 2003,"['Thriller', 'Drame']",Lars von Trier,Les Films du Losange,"['Nicole Kidman', 'Paul Bettany', 'Patricia Clarkson']","[' France', ' Italie', ' Danemark', ' Norvège', ' Suède', ' Finlande', ' Pays-Bas']",10000000,/lraVawavIXh5geMlVjpzCw9TGwR.jpg
Francisca,,2h 47min,25 novembre 1981,['Drame'],Manoel de Oliveira,Epicentre Films,"['Teresa Menezes', 'Diogo Doria', 'Mario Barroso']",[' Portugal'],0,/yAaypfPeJPLHihpNBecmhnLrBm.jpg
Breaking the Waves,,2h 38min,9 octobre 1996,"['Romance', 'Drame']",Lars von Trier,Les Films du Losange,"['Emily Watson', 'Stellan Skarsgård', 'Jean-Marc Barr']","[' Espagne', ' Norvège', ' Suède', ' Islande', ' Pays-Bas', ' Danemark', ' France']",0,/dQWMcdHXUOSHtr7ypOCa5T79JMS.jpg
Dancer in the Dark,,2h 19min,18 octobre 2000,"['Comédie musicale', 'Drame', 'Policier']",Lars von Trier,Les Films du Losange,"[' Björk', 'Catherine Deneuve', 'Peter Stormare']","[' Pays-Bas', ' Suède', ' Danemark', ' Finlande', ' Islande', ' Allemagne', ' France', ' U.S.A.', ' Grande-Bretagne', ' Norvège']",12800000,/8Wdd3fQfbbQeoSfWpHrDfaFNhBU.jpg
Les Idiots,The Idioterne,1h 57min,20 mai 1998,"['Drame', 'Comédie']",Lars von Trier,Les Films du Losange,"['Bodil Jorgensen', 'Jens Albinus', 'Anne Louise Hassing']","[' Danemark', ' Espagne', ' Suède', ' France', ' Pays-Bas', ' Italie']",2500000,/zICUj2GCVubqp6p9BgpmudNVfvR.jpg
L'Éducation d'Ademoka,Ademoka's Education,1h 29min,12 juillet 2023,"['Drame', 'Comédie']",Adilkhan Yerzhanov,Destiny Films,"['Adema Yerzhanova', 'Daniyar Alshinov', 'Bolat Kalymbetov']","[' kazakhstan', ' France']",0,/sytxMcMzrdHmEB1zHmzF3fjiKAa.jpg
Petit Jésus,,1h 35min,12 juillet 2023,['Comédie'],Julien Rigoulot,Wild Bunch Distribution,"['Antoine Bertrand', 'Esteban Azuara Eymard', 'Gérard Darmon']","[' France', ' Canada']",3100000,/kwPNOBCOKQXV253wxlpykD1E8Vp.jpg
Le Retour,,1h 46min,12 juillet 2023,['Drame'],Catherine Corsini,Le Pacte,"['Aïssatou Diallo Sagna', 'Suzy Bemba', 'Esther Gohourou']",[' France'],4700000,/lO1iKk8l0bPvDR3xmbregLWmYeS.jpg
Limbo,,1h 58min,12 juillet 2023,"['Thriller', 'Policier', 'Drame']",Soi Cheang,Kinovista,"['Ka Tung Lam', 'Yase Liu', 'Mason Lee']","[' Hong-Kong', ' Chine']",0,/g9I1TsGYWMOiFSMfyRTnjhP9hdN.jpg
Les Herbes sèches,Kuru Otlar Üstüne,3h 17min,12 juillet 2023,['Drame'],Nuri Bilge Ceylan,Memento Distribution,"['Deniz Celiloğlu', 'Merve Dizdar', 'Musab Ekici']","[' Turquie', ' France', ' Allemagne', ' Suède']",3720000,/o7c2mY8qV7fXhhvB3Bym1bMO3LH.jpg
Les Algues vertes,,1h 47min,12 juillet 2023,"['Drame', 'Thriller']",Pierre Jolivet,Haut et Court,"['Céline Sallette', 'Nina Meurisse', 'Julie Ferrier']","[' France', ' Belgique']",3700000,/myWda3aAWVdFsrp73Xak3VI6dtf.jpg
Mission: Impossible – Dead Reckoning Partie 1,Mission: Impossible – Dead Reckoning Part One,2h 43min,12 juillet 2023,"['Action', 'Espionnage', 'Aventure']",Christopher McQuarrie,Paramount Pictures France,"['Tom Cruise', 'Hayley Atwell', 'Ving Rhames']",[' U.S.A.'],291000000,/NNxYkU70HPurnNCSiCjYAmacwm.jpg
Odesza : The Last Goodbye Cinematic Experience,Odesza: The Last Goodbye Cinematic Experience,1h 40min,8 juillet 2023,"['Concert', 'Musical']",Sean Kusanagi,Trafalgar Releasing,[],[' U.S.A.'],0,/zS2qC2974Q9Km6gKppbANi7A2Rf.jpg
Trous de mémoire,,1h 20min,23 octobre 1985,['Comédie dramatique'],Paul Vecchiali,La Traverse,"['Paul Vecchiali', 'Françoise Lebrun']",[' France'],0,/25WropwtlaGPQJr3VRxJmhssS5k.jpg
Marinaleda,,0h 51min,5 juillet 2023,"['Comédie', 'Fantastique']",Louis Seguin,Hippocampe Productions,"['François Rivière (II)', 'Luc Chessel', 'Pauline Belle']",[' France'],0,/244jmSGBM6KCKNc7UEbvSvYpG8y.jpg
Au cimetière de la pellicule,,1h 30min,5 juillet 2023,['Documentaire'],Thierno Souleymane Diallo,Dean Medias,[],"[' France', ' Guinée', ' Sénégal', ' Arabie Saoudite']",0,/yp58wlTzu36B0ySijZ748EOJGDg.jpg
Tinnitus,,1h 45min,5 juillet 2023,['Drame'],Gregório Graziosi,Wayna Pitch,"['Joana de Verona', 'Andre Guerreiro Lopes', 'Indira Nascimento']",[' Brésil'],0,/sWVCBeQDiQTxmwjuKSuui2Vzjdc.jpg
Tout Le Monde M'appelle Mike,,1h 29min,5 juillet 2023,['Thriller'],Guillaume Bonnier,À Vif Cinémas / The Dark,"['Abdirisak Mohamed', 'Daphne Patakia', 'Pierre Lottin']",[' France'],1100000,/e161kuH60Kv5lnCPoevcbNCbCph.jpg
Vie privée,,1h 43min,31 janvier 1962,['Drame'],Louis Malle,Malavida Films,"['Brigitte Bardot', 'Marcello Mastroianni', 'Nicolas Bataille']","[' Italie', ' France']",0,/p1Rie8vjpQNpKXX4gv8mdm9sheu.jpg
Thelma et Louise,Thelma & Louise,2h 09min,29 mai 1991,['Comédie dramatique'],Ridley Scott,Park Circus France,"['Susan Sarandon', 'Geena Davis', 'Harvey Keitel']",[' U.S.A.'],16000000,/7D2DqmIKpPlkCU0RLVdlKLKR7XZ.jpg
Luise,,1h 39min,5 juillet 2023,"['Drame', 'Historique', 'Romance']",Matthias Luthardt,Pyramide Distribution,"['Luise Aschenbrenner', 'Christa Théret', 'Leonard Kunz']","[' France', ' Allemagne']",0,/a23cuVMq7Z4x9Fhd858qGm9YPQe.jpg
"Cléo, Melvil et moi",,1h 13min,5 juillet 2023,['Comédie dramatique'],Arnaud Viard,Moonlight Films Distribution,"['Arnaud Viard', 'Marianne Denicourt', 'Romane Bohringer']",[' France'],0,/uPguc6VkG817EcYW7fyyFtWnvCg.jpg
Promenade à Cracovie,"Polanski, Horowitz. Hometown",1h 15min,5 juillet 2023,['Documentaire'],Mateusz Kudla,ARP Sélection,"['Roman Polanski', 'Ryszard Horowitz']","[' France', ' Pologne']",0,/adR7fHk4zR590iFnwmAJB6bJiA4.jpg
Joy Ride,,1h 35min,5 juillet 2023,['Comédie'],Adele Lim,Metropolitan FilmExport,"['Ashley Park', 'Sherry Cola', 'Stephanie Hsu']",[' U.S.A.'],0,/lTZ3r9NBdbrR6NA90v3hFYqd6TC.jpg
Master Gardener,,1h 50min,5 juillet 2023,"['Drame', 'Thriller']",Paul Schrader,The Jokers / Les Bookmakers,"['Joel Edgerton', 'Sigourney Weaver', 'Quintessa Swindell']","[' U.S.A.', ' Australie']",0,/pmcYL7mgjVlWhFyNCc05mFTt6at.jpg
À contretemps,En los márgenes,1h 43min,5 juillet 2023,['Thriller'],Juan Diego Botto,Condor Distribution,"['Penélope Cruz', 'Luis Tosar', 'Christian Checa']","[' Espagne', ' Belgique']",0,/5Prjpx6Vt1hoRh9B7Fsh1o36aub.jpg
Yo Mama,,1h 37min,5 juillet 2023,['Comédie'],Leïla Sy,Gaumont Distribution,"['Claudia Tagbo', ' Zaho', 'Sophie-Marie Larrouy']",[' France'],0,/fm4mtRlPy6X18PuX1djEpHSPUgw.jpg
Les Filles d’Olfa,,1h 50min,5 juillet 2023,['Documentaire'],Kaouther Ben Hania,Jour2fête,"['Hend Sabri', 'Olfa Hamrouni', 'Eya Chikahoui']","[' France', ' Tunisie', ' Allemagne', ' Arabie Saoudite']",0,/zl8mOA95yUGA4oS1ReYdahqRPd6.jpg
Une nuit,,1h 30min,5 juillet 2023,"['Romance', 'Drame']",Alex Lutz,StudioCanal,"['Alex Lutz', 'Karin Viard', 'Jérôme Pouly']",[' France'],0,/63SHxzO7abssA5rH8Ai7MvN7d0V.jpg
Astérix et Obélix : Mission Cléopâtre,,1h 52min,30 janvier 2002,['Comédie'],Alain Chabat,Pathé,"['Gérard Depardieu', 'Christian Clavier', 'Jamel Debbouze']",[' France'],0,/xMj1yXgYh9fdDXVSAA8LchSvRGp.jpg
Insidious: The Red Door,,1h 48min,5 juillet 2023,"['Epouvante-horreur', 'Fantastique']",Patrick Wilson,Sony Pictures Releasing France,"['Patrick Wilson', 'Rose Byrne', 'Ty Simpkins']",[' U.S.A.'],16000000,/d07phJqCx6z5wILDYqkyraorDPi.jpg
